{"version":"0.4","title":"7","type":"section","content":[{"id":"7356a54b","settings":{"background_background":"classic","background_color":"#FFFFFF","padding_mobile":{"unit":"px","top":"0","right":"0","bottom":"0","left":"0","isLinked":false}},"elements":[{"id":"7b1f221a","settings":{"_column_size":100,"_inline_size":null},"elements":[{"id":"78b4baa7","settings":{"title":"Tynt Events","align":"center","title_color":"#000000","typography_typography":"custom","typography_font_family":"Montserrat","typography_font_size":{"unit":"px","size":47,"sizes":[]},"typography_font_weight":"800","typography_line_height":{"unit":"em","size":1.7,"sizes":[]},"typography_letter_spacing":{"unit":"px","size":2.7,"sizes":[]},"_margin":{"unit":"px","top":"5","right":"0","bottom":"0","left":"0","isLinked":false},"typography_font_size_mobile":{"unit":"px","size":21,"sizes":[]}},"elements":[],"isInner":false,"widgetType":"heading","elType":"widget"},{"id":"63dc7af1","settings":{"structure":"20","padding_mobile":{"unit":"px","top":"0","right":"0","bottom":"0","left":"0","isLinked":false}},"elements":[{"id":"34d65d86","settings":{"_column_size":50,"_inline_size":null},"elements":[{"id":"17b6983f","settings":{"title":"Tynt Partners Brunch","align":"left","title_color":"#000000","typography_typography":"custom","typography_font_family":"Arial","typography_font_size":{"unit":"px","size":15,"sizes":[]},"typography_font_weight":"600","typography_line_height":{"unit":"em","size":0,"sizes":[]},"typography_letter_spacing":{"unit":"px","size":0,"sizes":[]},"_margin":{"unit":"px","top":"5","right":"0","bottom":"0","left":"0","isLinked":false},"align_mobile":"center"},"elements":[],"isInner":false,"widgetType":"heading","elType":"widget"},{"id":"2039eac1","settings":{"image":{"url":"http:\/\/tynt.live\/wp-content\/uploads\/2020\/02\/78435935_2575448619405126_8808513152799997952_n-1.png","id":77}},"elements":[],"isInner":false,"widgetType":"image","elType":"widget"}],"isInner":true,"elType":"column"},{"id":"37cf0f91","settings":{"_column_size":50,"_inline_size":null},"elements":[{"id":"420f5dda","settings":{"title":"Beta Launch With Armani","align":"left","title_color":"#000000","typography_typography":"custom","typography_font_family":"Arial","typography_font_size":{"unit":"px","size":15,"sizes":[]},"typography_font_weight":"600","typography_line_height":{"unit":"em","size":0,"sizes":[]},"typography_letter_spacing":{"unit":"px","size":0,"sizes":[]},"_margin":{"unit":"px","top":"5","right":"0","bottom":"0","left":"0","isLinked":false},"align_mobile":"center"},"elements":[],"isInner":false,"widgetType":"heading","elType":"widget"},{"id":"eb49a96","settings":{"image":{"url":"http:\/\/tynt.live\/wp-content\/uploads\/2020\/02\/78972529_3229406397134183_3922900837562580992_n-1.png","id":80}},"elements":[],"isInner":false,"widgetType":"image","elType":"widget"}],"isInner":true,"elType":"column"}],"isInner":true,"elType":"section"},{"id":"6a3d9d9d","settings":{"structure":"20","padding_mobile":{"unit":"px","top":"0","right":"0","bottom":"0","left":"0","isLinked":false}},"elements":[{"id":"22b73040","settings":{"_column_size":50,"_inline_size":null},"elements":[{"id":"792d400d","settings":{"title":"Beta Launch with La Mer","align":"left","title_color":"#000000","typography_typography":"custom","typography_font_family":"Arial","typography_font_size":{"unit":"px","size":15,"sizes":[]},"typography_font_weight":"600","typography_line_height":{"unit":"em","size":0,"sizes":[]},"typography_letter_spacing":{"unit":"px","size":0,"sizes":[]},"_margin":{"unit":"px","top":"5","right":"0","bottom":"0","left":"0","isLinked":false},"align_mobile":"center"},"elements":[],"isInner":false,"widgetType":"heading","elType":"widget"},{"id":"59836ea8","settings":{"image":{"url":"http:\/\/18.237.82.92\/wp-content\/uploads\/2020\/02\/78870840_2525251870919291_42629972774354944_n.png","id":26}},"elements":[],"isInner":false,"widgetType":"image","elType":"widget"}],"isInner":true,"elType":"column"},{"id":"58ba9051","settings":{"_column_size":50,"_inline_size":null},"elements":[{"id":"1ba406c5","settings":{"title":"Aveda Social Media Masterclass","align":"left","title_color":"#000000","typography_typography":"custom","typography_font_family":"Arial","typography_font_size":{"unit":"px","size":15,"sizes":[]},"typography_font_weight":"600","typography_line_height":{"unit":"em","size":0,"sizes":[]},"typography_letter_spacing":{"unit":"px","size":0,"sizes":[]},"_margin":{"unit":"px","top":"5","right":"0","bottom":"0","left":"0","isLinked":false},"align_mobile":"center"},"elements":[],"isInner":false,"widgetType":"heading","elType":"widget"},{"id":"185d21dd","settings":{"image":{"url":"http:\/\/tynt.live\/wp-content\/uploads\/2020\/02\/78397420_445699489480306_35227201502707712_n-1.png","id":76}},"elements":[],"isInner":false,"widgetType":"image","elType":"widget"}],"isInner":true,"elType":"column"}],"isInner":true,"elType":"section"}],"isInner":false,"elType":"column"}],"isInner":false,"elType":"section"}],"page_settings":{"hide_title":"yes","background_background":"gradient","background_color":"#E1A7EE","background_color_b":"rgba(85, 153, 204, 0.8666666666666667)"}}