{"version":"0.4","title":"6","type":"section","content":[{"id":"1c960e29","settings":{"background_background":"classic","background_color":"#EF9C83","padding_mobile":{"unit":"px","top":"0","right":"0","bottom":"0","left":"0","isLinked":false}},"elements":[{"id":"696b2df0","settings":{"_column_size":100,"_inline_size":null},"elements":[{"id":"75cc00c1","settings":{"title":"Our Partners","align":"center","title_color":"#000000","typography_typography":"custom","typography_font_family":"Montserrat","typography_font_size":{"unit":"px","size":47,"sizes":[]},"typography_font_weight":"800","typography_line_height":{"unit":"em","size":1.7,"sizes":[]},"typography_letter_spacing":{"unit":"px","size":2.7,"sizes":[]},"_margin":{"unit":"px","top":"5","right":"0","bottom":"0","left":"0","isLinked":false},"align_mobile":"center","typography_font_size_mobile":{"unit":"px","size":21,"sizes":[]},"typography_line_height_mobile":{"unit":"em","size":1.7,"sizes":[]},"_margin_mobile":{"unit":"px","top":"23","right":"23","bottom":"0","left":"23","isLinked":false}},"elements":[],"isInner":false,"widgetType":"heading","elType":"widget"},{"id":"25326746","settings":{"structure":"20","padding_mobile":{"unit":"px","top":"0","right":"0","bottom":"0","left":"0","isLinked":false}},"elements":[{"id":"24ea38f3","settings":{"_column_size":50,"_inline_size":null},"elements":[{"id":"473fa985","settings":{"image":{"url":"http:\/\/tynt.live\/wp-content\/uploads\/2020\/02\/9d0c84_e3ce0c5fcd614ca69fb2fd49833859e8_mv2-1.png","id":71},"space_mobile":{"unit":"%","size":56,"sizes":[]}},"elements":[],"isInner":false,"widgetType":"image","elType":"widget"}],"isInner":true,"elType":"column"},{"id":"52ac7fe0","settings":{"_column_size":50,"_inline_size":null},"elements":[{"id":"23858062","settings":{"image":{"url":"http:\/\/tynt.live\/wp-content\/uploads\/2020\/02\/9d0c84_822303bfb36d4ca49b6d73c2d31f5c4e_mv2-1.png","id":70},"space_mobile":{"unit":"%","size":56,"sizes":[]}},"elements":[],"isInner":false,"widgetType":"image","elType":"widget"}],"isInner":true,"elType":"column"}],"isInner":true,"elType":"section"},{"id":"2b700600","settings":{"structure":"30","padding_mobile":{"unit":"px","top":"0","right":"0","bottom":"0","left":"0","isLinked":false}},"elements":[{"id":"20aa95c7","settings":{"_column_size":33,"_inline_size":null},"elements":[{"id":"6b1057e6","settings":{"image":{"url":"http:\/\/tynt.live\/wp-content\/uploads\/2020\/02\/9d0c84_3c4e8c0d02744498a31ece836122dc18_mv2-1.png","id":68},"space_mobile":{"unit":"%","size":56,"sizes":[]}},"elements":[],"isInner":false,"widgetType":"image","elType":"widget"}],"isInner":true,"elType":"column"},{"id":"acbb545","settings":{"_column_size":33,"_inline_size":null},"elements":[{"id":"7bde1707","settings":{"image":{"url":"http:\/\/tynt.live\/wp-content\/uploads\/2020\/02\/9d0c84_eaa8298bf8a2475ba93a738cc331f5a1_mv2-1.png","id":72},"space_mobile":{"unit":"%","size":56,"sizes":[]}},"elements":[],"isInner":false,"widgetType":"image","elType":"widget"}],"isInner":true,"elType":"column"},{"id":"6c12a017","settings":{"_column_size":33,"_inline_size":null},"elements":[{"id":"3b2a5b66","settings":{"image":{"url":"http:\/\/tynt.live\/wp-content\/uploads\/2020\/02\/9d0c84_017d81374ab049eea567cd1813623bff_mv2-1.png","id":69},"space_mobile":{"unit":"%","size":56,"sizes":[]}},"elements":[],"isInner":false,"widgetType":"image","elType":"widget"}],"isInner":true,"elType":"column"}],"isInner":true,"elType":"section"}],"isInner":false,"elType":"column"}],"isInner":false,"elType":"section"}],"page_settings":{"hide_title":"yes","background_background":"gradient","background_color":"#E1A7EE","background_color_b":"rgba(85, 153, 204, 0.8666666666666667)"}}