{"version":"0.4","title":"2","type":"section","content":[{"id":"689d3d60","settings":{"structure":"20","background_background":"gradient","background_color":"#F2E3F8","background_color_b":"#66D5E6","margin_mobile":{"unit":"px","top":"0","right":0,"bottom":"0","left":0,"isLinked":false},"padding_mobile":{"unit":"px","top":"0","right":"0","bottom":"0","left":"0","isLinked":false}},"elements":[{"id":"43d133bb","settings":{"_column_size":50,"_inline_size":60.263},"elements":[{"id":"24f3d5f1","settings":{"title":"So you want to become an influencer ?","title_color":"#000000","typography_typography":"custom","typography_font_family":"Montserrat","typography_font_size":{"unit":"px","size":47,"sizes":[]},"typography_font_weight":"800","typography_line_height":{"unit":"em","size":1.7,"sizes":[]},"typography_letter_spacing":{"unit":"px","size":2.7,"sizes":[]},"_margin":{"unit":"px","top":"5","right":"0","bottom":"0","left":"0","isLinked":false},"typography_line_height_mobile":{"unit":"em","size":1.7,"sizes":[]},"_margin_mobile":{"unit":"px","top":"0","right":"0","bottom":"0","left":"0","isLinked":false},"_padding_mobile":{"unit":"px","top":"0","right":"0","bottom":"0","left":"0","isLinked":false},"align_mobile":"center","typography_font_size_mobile":{"unit":"px","size":21,"sizes":[]}},"elements":[],"isInner":false,"widgetType":"heading","elType":"widget"},{"id":"2ef73be6","settings":{"title":"We're looking for select partners to feature for Tynt !","title_color":"#000000","typography_typography":"custom","typography_font_family":"Montserrat","typography_font_size":{"unit":"px","size":26,"sizes":[]},"typography_font_weight":"500","_margin":{"unit":"px","top":"5","right":"0","bottom":"0","left":"0","isLinked":false},"align_mobile":"center","typography_font_size_mobile":{"unit":"px","size":13,"sizes":[]},"typography_line_height_mobile":{"unit":"em","size":1.2,"sizes":[]}},"elements":[],"isInner":false,"widgetType":"heading","elType":"widget"},{"id":"439c4f5d","settings":{"space":{"unit":"px","size":63,"sizes":[]},"space_mobile":{"unit":"px","size":10,"sizes":[]}},"elements":[],"isInner":false,"widgetType":"spacer","elType":"widget"},{"id":"72c220","settings":{"text":"Apply Now !","typography_typography":"custom","typography_font_family":"Lato","typography_font_size":{"unit":"px","size":21,"sizes":[]},"button_text_color":"#000000","background_color":"rgba(2, 1, 1, 0)","border_border":"solid","border_width":{"unit":"px","top":"2","right":"2","bottom":"2","left":"2","isLinked":true},"border_radius":{"unit":"px","top":"49","right":"49","bottom":"49","left":"49","isLinked":true},"link":{"url":"#form","is_external":"","nofollow":""},"align_mobile":"center","_margin_mobile":{"unit":"px","top":"-10","right":"0","bottom":"0","left":"0","isLinked":false}},"elements":[],"isInner":false,"widgetType":"button","elType":"widget"}],"isInner":false,"elType":"column"},{"id":"596ef3ee","settings":{"_column_size":50,"_inline_size":39.693},"elements":[{"id":"4b7c23b5","settings":{"image":{"url":"http:\/\/tynt.live\/wp-content\/uploads\/2020\/02\/pasted-image-0-1.png","id":81}},"elements":[],"isInner":false,"widgetType":"image","elType":"widget"}],"isInner":false,"elType":"column"}],"isInner":false,"elType":"section"}],"page_settings":{"hide_title":"yes","background_background":"gradient","background_color":"#E1A7EE","background_color_b":"rgba(85, 153, 204, 0.8666666666666667)"}}