{"version":"0.4","title":"8","type":"section","content":[{"id":"4329859b","settings":{"background_background":"gradient","background_color":"#F398EA","background_color_b":"#F9A59D","_element_id":"form"},"elements":[{"id":"296eae47","settings":{"_column_size":100,"_inline_size":null},"elements":[{"id":"7701a29a","settings":{"title":"Yes I Want to Join Tynt influencers team!","align":"center","title_color":"#000000","typography_typography":"custom","typography_font_family":"Montserrat","typography_font_size":{"unit":"px","size":28,"sizes":[]},"typography_font_weight":"800","typography_line_height":{"unit":"em","size":1.7,"sizes":[]},"typography_letter_spacing":{"unit":"px","size":2.7,"sizes":[]},"_margin":{"unit":"px","top":"5","right":"0","bottom":"0","left":"0","isLinked":false},"typography_font_size_mobile":{"unit":"px","size":21,"sizes":[]}},"elements":[],"isInner":false,"widgetType":"heading","elType":"widget"},{"id":"58ddc27c","settings":{"form_name":"New Form","form_fields":[{"custom_id":"name","field_type":"text","field_label":"Name","placeholder":"Name","width":"100","_id":"93dfb4a","required":"true","field_options":"","allow_multiple":"","select_size":"","inline_list":"","field_html":"","width_tablet":"","width_mobile":"","rows":4,"recaptcha_size":"normal","recaptcha_style":"light","recaptcha_badge":"bottomright","css_classes":"","field_value":""},{"custom_id":"email","field_type":"email","required":"true","field_label":"Email","placeholder":"Email","width":"100","_id":"55ac986","field_options":"","allow_multiple":"","select_size":"","inline_list":"","field_html":"","width_tablet":"","width_mobile":"","rows":4,"recaptcha_size":"normal","recaptcha_style":"light","recaptcha_badge":"bottomright","css_classes":"","field_value":""},{"custom_id":"message","field_type":"textarea","field_label":"Message","placeholder":"Add Message","width":"100","_id":"40f55f0","required":"true","field_options":"","allow_multiple":"","select_size":"","inline_list":"","field_html":"","width_tablet":"","width_mobile":"","rows":4,"recaptcha_size":"normal","recaptcha_style":"light","recaptcha_badge":"bottomright","css_classes":"","field_value":""}],"input_size":"md","show_labels":"","button_text":"Send","button_size":"md","button_align":"center","email_content":"[all-fields]","email_content_2":"[all-fields]","success_message":"The form was sent successfully.","error_message":"An error occured.","required_field_message":"This field is required.","invalid_message":"There's something wrong. The form is invalid.","column_gap":{"unit":"px","size":0,"sizes":[]},"row_gap":{"unit":"px","size":18,"sizes":[]},"html_spacing":{"unit":"px","size":1,"sizes":[]},"field_background_color":"#FBD5BB","field_border_color":"#CF8756","field_border_width":{"unit":"px","top":"0","right":"0","bottom":"5","left":"5","isLinked":false},"button_background_color":"#FFFFFF","button_text_color":"#000000","button_typography_typography":"custom","button_typography_font_family":"Lato","button_typography_text_transform":"capitalize","button_border_border":"solid","button_border_width":{"unit":"px","top":"0","right":"0","bottom":"6","left":"6","isLinked":false},"button_border_color":"#D7732E","button_border_radius":{"unit":"px","top":"2","right":"2","bottom":"2","left":"2","isLinked":true},"_margin":{"unit":"px","top":"49","right":"49","bottom":"49","left":"49","isLinked":false}},"elements":[],"isInner":false,"widgetType":"form","elType":"widget"}],"isInner":false,"elType":"column"}],"isInner":false,"elType":"section"}],"page_settings":{"hide_title":"yes","background_background":"gradient","background_color":"#E1A7EE","background_color_b":"rgba(85, 153, 204, 0.8666666666666667)"}}