{"version":"0.4","title":"1","type":"section","content":[{"id":"69289630","settings":{"content_width":{"unit":"px","size":1395,"sizes":[]},"structure":"30","margin":{"unit":"px","top":"0","right":0,"bottom":"0","left":0,"isLinked":false},"padding":{"unit":"px","top":"0","right":"0","bottom":"0","left":"0","isLinked":false},"background_background":"classic","background_color":"#F2E3F8","margin_mobile":{"unit":"px","top":"0","right":0,"bottom":"0","left":0,"isLinked":false},"padding_mobile":{"unit":"px","top":"0","right":"0","bottom":"0","left":"0","isLinked":false}},"elements":[{"id":"748ecd5c","settings":{"_column_size":33,"_inline_size":10.323},"elements":[{"id":"3ad81080","settings":{"image":{"url":"http:\/\/tynt.live\/wp-content\/uploads\/2020\/02\/78923073_455289888521389_3949782423687921664_n.png","id":27},"_margin":{"unit":"px","top":"0","right":"0","bottom":"0","left":"0","isLinked":false},"space_mobile":{"unit":"%","size":12,"sizes":[]}},"elements":[],"isInner":false,"widgetType":"image","elType":"widget"}],"isInner":false,"elType":"column"},{"id":"d9bf9b0","settings":{"_column_size":33,"_inline_size":64.086},"elements":[{"id":"7f6ef508","settings":{"title":"Tynt","title_color":"#000000","typography_typography":"custom","typography_font_family":"Montserrat","typography_font_size":{"unit":"px","size":30,"sizes":[]},"typography_font_weight":"800","typography_line_height":{"unit":"em","size":0,"sizes":[]},"typography_letter_spacing":{"unit":"px","size":2.7,"sizes":[]},"_margin":{"unit":"px","top":"14","right":"0","bottom":"0","left":"0","isLinked":false},"align":"left","align_mobile":"center","_padding":{"unit":"px","top":"0","right":"0","bottom":"0","left":"0","isLinked":false},"_margin_mobile":{"unit":"px","top":"0","right":"0","bottom":"0","left":"0","isLinked":false}},"elements":[],"isInner":false,"widgetType":"heading","elType":"widget"},{"id":"dc92d61","settings":{"title":"Live streaming platform for beauty bloggers","title_color":"#000000","typography_typography":"custom","typography_font_family":"Montserrat","typography_font_size":{"unit":"px","size":26,"sizes":[]},"typography_font_weight":"400","_margin":{"unit":"px","top":"0","right":"0","bottom":"0","left":"0","isLinked":false},"align_mobile":"center","typography_font_size_mobile":{"unit":"px","size":13,"sizes":[]},"_margin_mobile":{"unit":"px","top":"5","right":"0","bottom":"0","left":"0","isLinked":false}},"elements":[],"isInner":false,"widgetType":"heading","elType":"widget"}],"isInner":false,"elType":"column"},{"id":"286579ec","settings":{"_column_size":33,"_inline_size":25.255},"elements":[{"id":"33bdd650","settings":{"social_icon_list":[{"social_icon":{"value":"fab fa-instagram","library":"fa-brands"},"_id":"7abbfbb","link":{"url":"https:\/\/www.instagram.com\/tynt.live\/","is_external":"true","nofollow":""},"item_icon_color":"default","item_icon_primary_color":"","item_icon_secondary_color":""},{"social_icon":{"value":"fab fa-facebook","library":"fa-brands"},"_id":"e38470e","link":{"url":"https:\/\/www.facebook.com\/tynt.live\/","is_external":"true","nofollow":""},"item_icon_color":"default","item_icon_primary_color":"","item_icon_secondary_color":""},{"social_icon":{"value":"fab fa-twitter","library":"fa-brands"},"_id":"0ac9b6d","link":{"url":"","is_external":"true","nofollow":""},"item_icon_color":"default","item_icon_primary_color":"","item_icon_secondary_color":""}],"icon_color":"custom","icon_primary_color":"rgba(2, 1, 1, 0)","icon_secondary_color":"#000000"},"elements":[],"isInner":false,"widgetType":"social-icons","elType":"widget"}],"isInner":false,"elType":"column"}],"isInner":false,"elType":"section"}],"page_settings":{"hide_title":"yes","background_background":"gradient","background_color":"#E1A7EE","background_color_b":"rgba(85, 153, 204, 0.8666666666666667)"}}