{"version":"0.4","title":"3","type":"section","content":[{"id":"6c91645a","settings":{"background_background":"classic","background_color":"#FFFFFF","padding_mobile":{"unit":"px","top":"0","right":"0","bottom":"0","left":"0","isLinked":false}},"elements":[{"id":"45075555","settings":{"_column_size":100,"_inline_size":null},"elements":[{"id":"19aa0e8d","settings":{"title":"Tynt onboarding beauty bloggers!","align":"center","title_color":"#000000","typography_typography":"custom","typography_font_family":"Montserrat","typography_font_size":{"unit":"px","size":47,"sizes":[]},"typography_font_weight":"800","typography_line_height":{"unit":"em","size":1.7,"sizes":[]},"typography_letter_spacing":{"unit":"px","size":2.7,"sizes":[]},"_margin":{"unit":"px","top":"5","right":"0","bottom":"0","left":"0","isLinked":false},"align_mobile":"center","typography_font_size_mobile":{"unit":"px","size":21,"sizes":[]},"typography_line_height_mobile":{"unit":"em","size":1.7,"sizes":[]},"_margin_mobile":{"unit":"px","top":"23","right":"23","bottom":"0","left":"23","isLinked":false}},"elements":[],"isInner":false,"widgetType":"heading","elType":"widget"},{"id":"7d2ab4ca","settings":{"structure":"20","margin_mobile":{"unit":"px","top":"0","right":0,"bottom":"0","left":0,"isLinked":false},"padding_mobile":{"unit":"px","top":"0","right":"0","bottom":"0","left":"0","isLinked":false}},"elements":[{"id":"45b31a85","settings":{"_column_size":50,"_inline_size":null},"elements":[{"id":"41b800fd","settings":{"image":{"url":"http:\/\/tynt.live\/wp-content\/uploads\/2020\/02\/Screenshot-from-2020-02-12-13-29-15.png","id":30}},"elements":[],"isInner":false,"widgetType":"image","elType":"widget"}],"isInner":true,"elType":"column"},{"id":"4deeda0b","settings":{"_column_size":50,"_inline_size":null},"elements":[{"id":"2c2e6022","settings":{"title":"We create stars..","align":"left","title_color":"#000000","typography_typography":"custom","typography_font_family":"Montserrat","typography_font_size":{"unit":"px","size":31,"sizes":[]},"typography_font_weight":"800","typography_line_height":{"unit":"em","size":1.7,"sizes":[]},"typography_letter_spacing":{"unit":"px","size":2.7,"sizes":[]},"_margin":{"unit":"px","top":"5","right":"0","bottom":"0","left":"0","isLinked":false}},"elements":[],"isInner":false,"widgetType":"heading","elType":"widget"},{"id":"3d5ab966","settings":{"title":"Tynt - is a live streaming platform for beauty enthusiasts. We connect users, brands, and influencers to beauty-focused content, including makeup tutorials, product reviews, and on-the-go live shows.\n<br><br>\nWe built a community of beauty bloggers and industry professionals. Our 500+ certified makeup artists, beauticians, hairstylist willing to yield their tips and tricks with the audience.\n<br><br>\nReady to join our community? Reserve your spot below!","title_color":"#000000","typography_typography":"custom","typography_font_family":"Lato","typography_font_size":{"unit":"px","size":23,"sizes":[]},"typography_font_weight":"300","typography_line_height":{"unit":"em","size":1.2,"sizes":[]},"typography_letter_spacing":{"unit":"px","size":0.6,"sizes":[]},"_margin":{"unit":"px","top":"5","right":"0","bottom":"0","left":"0","isLinked":false}},"elements":[],"isInner":false,"widgetType":"heading","elType":"widget"}],"isInner":true,"elType":"column"}],"isInner":true,"elType":"section"}],"isInner":false,"elType":"column"}],"isInner":false,"elType":"section"}],"page_settings":{"hide_title":"yes","background_background":"gradient","background_color":"#E1A7EE","background_color_b":"rgba(85, 153, 204, 0.8666666666666667)"}}