{"version":"0.4","title":"5","type":"section","content":[{"id":"55cc97bc","settings":{"structure":"30","background_background":"classic","background_color":"#FFFFFF"},"elements":[{"id":"21f551b1","settings":{"_column_size":33,"_inline_size":null,"background_background":"classic","background_image":{"url":"http:\/\/tynt.live\/wp-content\/uploads\/2020\/02\/65645337_2546395762057429_2094143714711568384_n-1.png","id":73},"background_position":"center left","background_repeat":"no-repeat","background_size":"contain","background_overlay_image":{"url":"http:\/\/18.237.82.92\/wp-content\/uploads\/2020\/02\/65645337_2546395762057429_2094143714711568384_n.png","id":21},"background_overlay_opacity":{"unit":"px","size":1,"sizes":[]},"margin":{"unit":"px","top":"30","right":"30","bottom":"30","left":"30","isLinked":true}},"elements":[{"id":"b6d402a","settings":{"title":"Get FREE promotions, prime time slots and sponsorships.","align":"left","title_color":"#000000","typography_typography":"custom","typography_font_family":"Montserrat","typography_font_size":{"unit":"px","size":19,"sizes":[]},"typography_font_weight":"800","typography_line_height":{"unit":"em","size":1.4,"sizes":[]},"typography_letter_spacing":{"unit":"px","size":2.4,"sizes":[]},"_margin":{"unit":"px","top":"5","right":"0","bottom":"0","left":"43","isLinked":false},"_padding":{"unit":"px","top":"16","right":"0","bottom":"15","left":"0","isLinked":false}},"elements":[],"isInner":false,"widgetType":"heading","elType":"widget"}],"isInner":false,"elType":"column"},{"id":"73014ae6","settings":{"_column_size":33,"_inline_size":null,"background_background":"classic","background_image":{"url":"http:\/\/tynt.live\/wp-content\/uploads\/2020\/02\/66150041_360835261509913_3036221830194003968_n-1.png","id":75},"background_position":"center left","background_repeat":"no-repeat","background_size":"contain","background_overlay_image":{"url":"http:\/\/18.237.82.92\/wp-content\/uploads\/2020\/02\/65645337_2546395762057429_2094143714711568384_n.png","id":21},"background_overlay_opacity":{"unit":"px","size":1,"sizes":[]},"margin":{"unit":"px","top":"30","right":"30","bottom":"30","left":"30","isLinked":true}},"elements":[{"id":"3a5c9abd","settings":{"title":"Share your tips. Collaborate with brands.","align":"left","title_color":"#000000","typography_typography":"custom","typography_font_family":"Montserrat","typography_font_size":{"unit":"px","size":19,"sizes":[]},"typography_font_weight":"800","typography_line_height":{"unit":"em","size":1.4,"sizes":[]},"typography_letter_spacing":{"unit":"px","size":2.4,"sizes":[]},"_margin":{"unit":"px","top":"5","right":"0","bottom":"0","left":"43","isLinked":false},"_padding":{"unit":"px","top":"16","right":"0","bottom":"15","left":"0","isLinked":false}},"elements":[],"isInner":false,"widgetType":"heading","elType":"widget"}],"isInner":false,"elType":"column"},{"id":"2331d120","settings":{"_column_size":33,"_inline_size":null,"background_background":"classic","background_image":{"url":"http:\/\/tynt.live\/wp-content\/uploads\/2020\/02\/65731865_1354910027980004_7531785792797016064_n-1.png","id":74},"background_position":"center left","background_repeat":"no-repeat","background_size":"contain","background_overlay_image":{"url":"http:\/\/18.237.82.92\/wp-content\/uploads\/2020\/02\/65645337_2546395762057429_2094143714711568384_n.png","id":21},"background_overlay_opacity":{"unit":"px","size":1,"sizes":[]},"margin":{"unit":"px","top":"30","right":"30","bottom":"30","left":"30","isLinked":true}},"elements":[{"id":"6c296125","settings":{"title":"Interact with your audience in real time.\n\n","align":"left","title_color":"#000000","typography_typography":"custom","typography_font_family":"Montserrat","typography_font_size":{"unit":"px","size":19,"sizes":[]},"typography_font_weight":"800","typography_line_height":{"unit":"em","size":1.4,"sizes":[]},"typography_letter_spacing":{"unit":"px","size":2.4,"sizes":[]},"_margin":{"unit":"px","top":"5","right":"0","bottom":"0","left":"43","isLinked":false},"_padding":{"unit":"px","top":"16","right":"0","bottom":"15","left":"0","isLinked":false}},"elements":[],"isInner":false,"widgetType":"heading","elType":"widget"}],"isInner":false,"elType":"column"}],"isInner":false,"elType":"section"}],"page_settings":{"hide_title":"yes","background_background":"gradient","background_color":"#E1A7EE","background_color_b":"rgba(85, 153, 204, 0.8666666666666667)"}}